"verb","Agency{agent}_Label","Annotator1_raw","Annotator2_raw","Annotator3_raw",,,
"assembles","+",1,1,1,,,
"saves","+",1,0,1,,,
"forges","+",1,1,1,,,
"messes up","+",0,1,1,,,
"huffs","+",0,0,1,,,
"unscrews","+",1,1,1,,,
"blackens","+",1,1,0,,,
"stinks","-",-1,-1,-1,,,
"fronts","+",0,1,0,,,
"clasps","+",1,1,0,,,
"patches","+",1,1,1,,,
"relates to","-",-1,-1,0,,,
"presents","+",1,1,0,,,
"regrets","-",0,0,-1,,,
"performs","+",1,0,1,,,
"battles","+",1,1,1,,,
"prowls","+",1,1,1,,,
"betters","+",1,1,1,,,
"overcomes","+",1,1,0,,,
"crops","+",1,1,1,,,
"scampers","+",0,1,1,,,
"withers","-",-1,-1,-1,,,
"pardons","+",1,1,1,,,
"flutters","+",1,0,1,,,
"clothes","+",1,1,1,,,
"uncovers","+",1,1,0,,,
"scribbles","+",1,1,0,,,
"phones","+",1,1,1,,,
"snuggles","+",1,1,1,,,
"scrapes","+",1,1,1,,,
"stiffens","+",1,1,1,,,
"tires","=",-1,0,1,,,
"preaches","+",1,0,0,1,1,1
"complicates","+",1,0,0,,,
"rusts","-",-1,-1,-1,,,
"tethers","+",1,1,1,,,
"gawks","=",0,0,0,,,
"revolves","+",0,1,0,,,
"fingers","+",1,1,1,,,
"lights","+",1,1,1,,,
"dangles","+",1,1,0,,,
"establishes","+",1,1,1,,,
"supplies","+",1,1,1,,,
"tips","+",1,1,0,,,
"contributes","+",1,0,0,,,
"seeks","+",0,0,1,,,
"counters","+",1,1,0,,,
"shimmers","-",-1,-1,-1,,,
"pats","+",1,1,0,,,
"screams","+",0,1,0,,,
"yanks","+",1,1,0,,,
"applies","+",0,1,1,,,
"jolts","+",1,0,1,,,
"stares","-",-1,-1,-1,,,
"stresses","+",1,0,1,,,
"transfixes","+",1,1,1,,,
"kids","+",0,0,1,,,
"oozes","=",0,1,-1,,,
"jams","+",1,1,1,,,
"ventures","+",1,1,0,,,
"cakes","+",1,0,0,,,
"settles","+",1,0,0,,,
"postpones","+",0,1,0,,,
"reports","+",1,1,1,,,
"cages","+",1,1,1,,,
"changes","+",1,1,1,,,
"prints","+",1,1,1,,,
"spooks","+",1,0,0,,,
"slices","+",1,1,1,,,
"summons","+",1,1,0,,,
"elaborates","+",0,1,0,,,
"smolders","-",0,0,-1,,,
"cheats","+",0,0,1,,,
"shoves","+",1,1,1,,,
"counts","=",0,0,0,,,
"grumbles","+",1,1,0,,,
"swings","+",1,1,1,,,
"limps","-",0,-1,0,,,
"bundles","+",1,0,1,,,
"arms","+",1,0,0,,,
"leaks","+",0,1,1,,,
"raids","+",1,1,1,,,
"brings","+",1,0,0,,,
"rivets on","+",1,0,1,,,
"shelters","+",0,1,1,,,
"separates","+",1,1,1,,,
"pierces","+",1,1,1,,,
"shoos","+",0,0,1,,,
"instals","+",0,1,1,,,
"resents","-",0,0,-1,,,
"divorces","+",1,1,1,,,
"sizzles","=",1,-1,0,,,
"swipes","+",1,0,1,,,
"overhears","=",-1,0,1,,,
"laughs","+",1,0,0,,,
"wrenches","+",1,0,1,,,
"indicates","+",0,1,0,,,
"hardens","+",1,1,1,,,
"organizes","+",1,1,1,,,
"cites","+",1,0,1,,,
"looses","+",0,1,0,,,
"sneers","+",1,0,0,,,
"recovers","+",1,1,1,,,
"eyeballs","+",0,0,1,,,
"pokes","+",0,1,1,,,
"mouths","+",1,0,1,,,
"arcs","+",1,0,0,,,
"swallows","+",1,1,0,,,
"consumes","+",1,1,1,,,
"connects","+",1,1,1,,,
"sparkles","-",-1,-1,-1,,,
"minimizes","+",1,1,1,,,
"reconciles","+",1,1,0,,,
"types","+",0,1,0,,,
"stimulates","+",1,0,1,,,
"diminishes","+",1,1,0,,,
"wins","+",1,0,0,,,
"attracts","=",-1,1,0,,,
"descends","+",0,0,1,,,
"scoffs","+",1,0,1,,,
"rouses","+",0,1,0,,,
"keeps","-",-1,0,-1,,,
"acknowledges","-",-1,0,0,,,
"unfolds","+",1,1,1,,,
"jabs","+",1,1,1,,,
"expects","-",-1,1,-1,,,
"executes","+",1,1,1,,,
"stencils","+",0,1,1,,,
"satisfies","+",0,1,0,,,
"welcomes","+",0,0,1,,,
"glances","-",-1,-1,0,,,
"highlights","+",0,1,0,,,
"embarrasses","+",1,1,0,,,
"frisks","+",1,1,0,,,
"sprays","+",1,1,1,,,
"tilts","+",1,1,1,,,
"savors","+",1,0,0,,,
"whips","+",1,1,1,,,
"vents","+",1,0,0,,,
"bails","+",0,1,1,,,
"blots","+",1,0,1,,,
"bans","+",1,1,1,,,
"slurps","+",1,1,1,,,
"downs","+",1,0,1,,,
"glazes","+",1,1,0,,,
"pegs","+",1,1,1,,,
"shadows","=",1,-1,0,,,
"represents","+",1,0,0,,,
"crosses","+",1,0,0,,,
"relishes","-",0,0,-1,,,
"blushes","-",0,-1,0,,,
"ascends","+",1,1,0,,,
"rocks","=",1,0,-1,,,
"dumps","+",1,1,1,,,
"glints","=",-1,0,1,,,
"mounts","+",1,0,1,,,
"feeds","+",0,1,1,,,
"classifies","+",0,1,0,,,
"notifies","+",1,0,0,,,
"inserts","+",1,1,1,,,
"glues","+",0,1,1,,,
"kneels","+",1,0,1,,,
"clinks","=",1,0,-1,,,
"mandates","+",-1,1,1,,,
"bowls","+",1,1,1,,,
"skins","+",1,1,1,,,
"sears","+",1,1,0,,,
"arrives","=",1,-1,0,,,
"precedes","-",-1,0,-1,,,
"aids","+",1,0,1,,,
"mangles","+",1,1,1,,,
"sprints","+",1,1,0,,,
"marches","=",-1,1,0,,,
"lurks","-",-1,0,0,,,
"clamps","+",1,1,1,,,
"washes","+",1,1,1,,,
"gos","=",0,0,0,,,
"assaults","+",1,1,1,,,
"dares","+",1,0,0,,,
"admits","+",1,0,0,,,
"assures","+",1,0,0,,,
"disputes","+",1,0,1,,,
"splashes","+",1,1,0,,,
"ambles","+",1,-1,1,,,
"zaps","+",1,1,0,,,
"incorporates","+",1,1,1,,,
"competes","+",1,0,1,,,
"staggers","=",1,0,-1,,,
"skitters","=",-1,1,0,,,
"installs","+",0,1,1,,,
"starts","+",1,0,1,,,
"creates","+",1,1,1,,,
"evacuates","+",1,0,0,,,
"deems","+",0,0,1,,,
"plummets","-",-1,-1,-1,,,
"punctuates","+",0,1,1,,,
"leaps","+",1,0,1,,,
"speeds","+",1,1,0,,,
"appeals","-",0,-1,0,,,
"features","-",-1,0,0,,,
"twitches","-",-1,-1,1,,,
"floors","+",0,1,0,,,
"enrages","+",1,0,1,,,
"rejects","+",1,1,1,,,
"rummages","+",1,0,1,,,
"struts","+",1,0,1,,,
"blurts","+",1,0,0,,,
"snags","+",0,1,1,,,
"warns","+",0,1,0,,,
"curtains","+",1,1,0,,,
"mutilates","+",1,1,1,,,
"reins","+",0,0,1,,,
"lunges","+",1,1,1,,,
"brushes","+",1,1,-1,,,
"digs","+",1,1,1,,,
"swells","=",1,0,-1,,,
"gambles","+",1,1,1,,,
"begins","+",0,0,1,,,
"kidnaps","+",1,1,1,,,
"lingers","-",1,-1,-1,,,
"handcuffs","+",1,1,0,,,
"tackles","+",1,1,1,,,
"binds","+",1,1,1,,,
"enables","+",1,1,0,,,
"powers","+",0,1,1,,,
"underlies","-",1,-1,-1,,,
"haves","-",0,-1,0,,,
"dozes","-",-1,-1,-1,,,
"sees","-",0,-1,0,,,
"broods","-",-1,0,0,,,
"fasts","+",1,0,0,,,
"paddles","+",1,1,1,,,
"leafs","+",-1,1,1,,,
"stalls","+",0,0,1,,,
"grunts","+",0,1,0,,,
"tells","+",1,0,1,,,
"bawls","=",1,0,-1,,,
"instructs","+",1,1,1,,,
"forces","+",1,1,1,,,
"grips","+",1,1,0,,,
"rides","+",1,0,1,,,
"circles","+",1,0,0,,,
"reverberates","+",0,1,0,,,
"distracts","+",0,0,1,,,
"wells","=",1,-1,0,,,
"clears","+",1,-1,1,,,
"apologizes","+",1,1,0,,,
"glimpses","-",-1,-1,0,,,
"exercises","+",1,1,1,,,
"mashes","+",1,1,1,,,
"veers","+",1,1,1,,,
"peers","+",1,0,0,,,
"flops","+",0,0,1,,,
"treats","+",1,0,1,,,
"prevails","+",1,1,0,,,
"breathes","-",0,0,-1,,,
"swerves","+",1,1,0,,,
"does","+",1,1,-1,,,
"calculates","+",0,1,0,,,
"chirps","=",1,0,-1,,,
"labels","+",0,1,0,,,
"pops","+",1,0,1,,,
"colors","+",1,1,1,,,
"disturbs","+",1,0,0,,,
"nominates","+",1,1,1,,,
"sags","-",-1,-1,-1,,,
"reclines","-",-1,-1,0,,,
"judges","+",0,0,1,,,
"balds","-",-1,-1,1,,,
"unleashes","+",1,1,1,,,
"delays","+",0,1,0,,,
"reverses","+",1,1,1,,,
"snickers","-",-1,1,-1,,,
"sews","+",1,1,1,,,
"scans","+",0,0,1,,,
"hollers","+",1,0,1,,,
"criticizes","+",1,0,1,,,
"undresses","+",1,1,1,,,
"interrogates","+",1,1,1,,,
"lies to","+",1,1,0,,,
"plats","+",0,1,1,,,
"convulses","+",1,0,1,,,
"angers","=",0,0,0,,,
"lurches","+",1,-1,1,,,
"quotes","=",0,1,-1,,,
"thrusts","+",1,1,1,,,
"mows","+",1,1,1,,,
"shocks","+",1,0,1,,,
"ruins","+",1,1,1,,,
"blanches","+",1,-1,1,,,
"thanks","+",1,0,1,,,
"decides","+",0,1,1,,,
"scours","+",1,1,1,,,
"tattoos","+",1,1,1,,,
"sharpens","+",1,1,1,,,
"proclaims","+",1,-1,1,,,
"depends","-",-1,-1,-1,,,
"urges","+",0,0,1,,,
"clarifies","+",1,1,0,,,
"draws","+",1,1,1,,,
"coats","+",0,1,0,,,
"rings","+",1,0,1,,,
"smacks","+",1,1,1,,,
"stamps","+",1,1,1,,,
"discovers","+",0,0,1,,,
"pets","+",1,1,1,,,
"props","+",0,1,1,,,
"shaves","+",1,1,1,,,
"caves","-",-1,-1,0,,,
"encounters","-",-1,-1,0,,,
"slugs","+",1,1,1,,,
"pastes","+",1,1,1,,,
"claws","+",1,1,1,,,
"motions to","+",1,0,0,,,
"terms","+",0,1,0,,,
"wears","+",0,0,1,,,
"sickens","+",1,0,1,,,
"enters","+",1,0,1,,,
"snarls at","+",0,1,1,,,
"deposes","+",-1,1,1,,,
"maneuvers","+",1,1,1,,,
"swoops","+",1,0,0,,,
"triggers","+",1,0,0,,,
"renders","+",1,1,1,,,
"tings","+",1,0,0,,,
"receives","-",-1,0,-1,,,
"faces","-",-1,-1,1,,,
"exceeds","+",1,1,1,,,
"requests","=",-1,0,1,,,
"groans","+",1,0,0,,,
"fondles","+",1,1,0,,,
"engulfs","+",1,1,0,,,
"munches","+",0,1,1,,,
"snores","-",-1,-1,-1,,,
"gushes","=",0,0,0,,,
"springs","+",0,1,0,,,
"broadens","+",1,1,1,,,
"tucks","+",1,1,1,,,
"recognises","=",0,0,0,,,
"asks","+",1,-1,1,,,
"buffets","+",0,1,1,,,
"bothers","+",1,0,1,,,
"rests","-",-1,-1,-1,,,
"dots","+",1,1,1,,,
"anchors","+",1,1,1,,,
"drugs","+",1,1,1,,,
"snips","+",1,1,0,,,
"collides with","+",1,0,0,,,
"briefs","=",0,0,0,,,
"doubts","-",0,0,-1,,,
"rifles through","+",1,1,0,,,
"affixes","+",1,1,0,,,
"straddles","+",1,1,-1,,,
"glides","=",-1,1,0,,,
"distorts","+",1,1,1,,,
"shovels","+",1,1,1,,,
"harms","+",1,1,1,,,
"launches","+",1,1,1,,,
"stubs","=",0,1,-1,,,
"contemplates","-",0,0,-1,,,
"entertains","+",1,1,0,,,
"murders","+",1,1,1,,,
"leaves","=",0,0,0,,,
"weakens","+",1,1,1,,,
"jiggles","+",1,1,0,,,
"slicks","=",0,1,-1,,,
"fakes","+",0,1,0,,,
"soils","+",1,0,0,,,
"overthrows","+",1,1,1,,,
"knocks","+",1,1,1,,,
"dazzles","+",0,1,0,,,
"gags on","-",-1,-1,0,,,
"cools","-",-1,0,0,,,
"entitles","=",1,0,-1,,,
"deepens","+",1,1,1,,,
"spews","+",1,0,1,,,
"damages","+",1,0,1,,,
"avoids","+",1,0,0,,,
"grows","+",1,1,0,,,
"vibrates","+",1,1,1,,,
"meets","+",0,1,0,,,
"corresponds with","=",1,0,-1,,,
"prohibits","+",1,1,0,,,
"blames","+",1,0,1,,,
"tops","+",0,0,1,,,
"documents","+",1,0,0,,,
"sprinkles","+",1,0,1,,,
"tidies","+",1,1,1,,,
"programs","+",1,1,1,,,
"smokes","+",0,1,0,,,
"inspires","+",0,0,1,,,
"practices","+",1,1,1,,,
"prescribes","+",1,0,0,,,
"deploys","+",1,1,1,,,
"alarms","+",1,1,0,,,
"claims","+",0,1,0,,,
"camps","+",0,1,1,,,
"possesses","=",-1,0,1,,,
"recoils","=",-1,0,1,,,
"sleeps","-",-1,-1,-1,,,
"proposes","+",0,1,0,1,0,0
"transforms","+",1,1,1,,,
"swears","+",1,0,1,,,
"rotates","+",1,1,1,,,
"burns","+",1,0,1,,,
"tramples","+",1,1,1,,,
"unzips","+",1,1,1,,,
"trashes","+",0,1,1,,,
"deters","+",1,1,1,,,
"interprets","+",1,1,0,,,
"beholds","=",0,-1,1,,,
"hoists","+",1,1,0,,,
"advances","+",0,1,1,,,
"breaks","+",1,1,0,,,
"perfects","+",1,1,0,,,
"caps","+",1,0,1,,,
"agonizes over","=",0,-1,1,,,
"boxes","+",1,1,1,,,
"poses","-",0,-1,0,,,
"dreams","-",-1,-1,-1,,,
"disconnects","+",1,1,1,,,
"steps","+",0,0,1,,,
"flaps","-",1,-1,-1,,,
"erodes","+",1,0,1,,,
"slouches","-",-1,-1,-1,,,
"lashes","+",1,1,1,,,
"sends","+",1,1,0,,,
"crows","+",1,0,0,,,
"reconsiders","=",0,0,0,,,
"paces","+",1,0,1,,,
"contests","+",1,0,1,,,
"denies","+",1,0,0,,,
"gasps","=",0,-1,1,,,
"nuzzles","+",1,1,-1,,,
"exhausts","+",1,0,0,,,
"comments","+",0,0,1,,,
"totals","+",1,0,0,,,
"mulls","=",1,0,-1,,,
"ruffles","+",1,1,1,,,
"yields","=",1,-1,0,1,0,-1
"shakes","+",1,1,1,,,
"graduates","+",1,0,1,,,
"buckles up","+",1,-1,1,,,
"mutters","=",0,1,-1,,,
"pinches","+",0,1,1,,,
"pees","+",1,0,1,,,
"emits","+",0,1,1,,,
"mimics","+",1,0,1,,,
"attacks","+",1,1,1,,,
"accepts","-",-1,0,0,,,
"emblazons","+",0,1,1,,,
"donates","+",1,0,0,,,
"dials","+",1,1,1,,,
"barks","=",1,0,-1,,,
"appoints","+",1,1,1,,,
"balances","+",1,1,1,,,
"lies","+",1,0,1,,,
"slurs","=",-1,0,1,,,
"bats","+",1,0,1,,,
"raises","+",1,1,1,,,
"cascades","+",1,-1,1,,,
"shoots","+",1,1,1,,,
"rounds","+",1,0,1,,,
"authorizes","+",1,1,1,,,
"snorts","+",0,1,1,,,
"waits","-",-1,-1,-1,,,
"lags","-",-1,-1,1,,,
"despises","+",0,0,1,,,
"accords","+",1,1,-1,,,
"grooms","+",1,0,0,,,
"steers","+",1,1,0,,,
"removes","+",1,1,1,,,
"snows","-",0,0,-1,,,
"astonishes","+",1,0,0,,,
"unbuttons","+",1,1,1,,,
"underestimates","=",-1,1,0,,,
"builds","+",0,1,1,,,
"prevents","+",1,1,1,,,
"bids","=",0,-1,1,,,
"bounds","+",1,1,0,,,
"smashes","+",1,1,0,,,
"embraces","+",1,0,1,,,
"lays","+",1,1,1,,,
"attaches","+",1,0,1,,,
"fulfills","+",1,1,1,,,
"promises","+",0,0,1,,,
"looms","-",-1,-1,-1,,,
"guesses","-",-1,0,-1,,,
"sticks","+",1,0,1,,,
"saddles","+",1,0,0,,,
"covers","+",0,1,1,,,
"defers to","-",-1,1,-1,,,
"proves","+",1,0,1,,,
"sprouts","+",1,0,0,,,
"shines","=",-1,0,1,,,
"knows","-",0,-1,0,,,
"fosters","=",-1,1,0,,,
"vanishes","-",-1,-1,0,,,
"presumes","=",0,0,0,,,
"warms","+",1,0,1,,,
"extracts","+",1,1,1,,,
"squeals","=",1,0,-1,,,
"grasps","=",-1,1,0,,,
"spoils","+",1,1,-1,,,
"flushes","+",1,1,1,,,
"brightens","+",0,1,0,,,
"nods","+",0,0,1,,,
"scores","+",1,1,1,,,
"transfers","+",0,1,0,,,
"shatters","+",1,1,1,,,
"progresses","+",1,1,-1,,,
"sacks","+",1,1,1,,,
"restores","+",1,1,1,,,
"stacks","+",1,1,0,,,
"tolerates","=",0,0,0,,,
"suffocates","+",1,1,1,1,1,1
"leads","+",1,1,1,,,
"manages","+",1,1,1,,,
"activates","+",1,1,1,,,
"consists of","-",-1,-1,-1,,,
"praises","+",0,1,0,,,
"hovers","+",0,1,0,,,
"fancies","-",-1,0,0,,,
"hums","+",0,0,1,,,
"soothes","+",0,1,0,,,
"devotes","+",1,1,0,,,
"hammers","+",1,1,1,,,
"flexes","+",1,1,1,,,
"furrows","=",1,0,-1,,,
"advises","+",1,0,0,,,
"objects to","+",1,1,0,,,
"gallops","+",1,1,1,,,
"emphasizes","+",0,1,0,,,
"stays","-",-1,-1,0,,,
"cooks","+",1,1,1,,,
"clouds","+",0,1,0,,,
"solves","+",1,0,0,,,
"turns","+",0,0,1,,,
"trots","+",1,1,1,,,
"peeps","+",0,1,1,,,
"travels","+",1,1,0,,,
"evades","+",0,1,0,,,
"perceives","-",1,-1,-1,,,
"loads","+",1,1,0,,,
"dries","+",0,1,1,,,
"tempts","+",1,0,1,,,
"undoes","+",0,1,1,,,
"invades","+",1,1,1,,,
"irritates","+",1,1,-1,,,
"trails","+",1,0,0,,,
"detonates","+",1,1,1,,,
"adorns","+",1,1,0,,,
"targets","+",0,1,1,,,
"drinks","+",1,1,1,,,
"acquaints","+",1,1,0,,,
"adds","+",1,1,1,,,
"stands","=",1,0,-1,,,
"shares","+",1,1,0,,,
"peels","+",1,1,1,,,
"concentrates on","+",1,0,0,,,
"celebrates","+",1,0,0,,,
"growls","+",1,0,0,,,
"climbs","+",1,1,1,,,
"dissipates","+",1,1,0,,,
"groups","+",1,0,1,,,
"teaches","+",1,1,1,,,
"appears","+",1,0,0,,,
"pedals","+",1,1,1,,,
"diagnoses","+",1,1,0,,,
"plunges","+",1,1,1,,,
"accomplishes","+",1,1,0,,,
"flames","+",1,-1,1,,,
"saws","+",1,1,1,,,
"sparks","+",1,1,1,,,
"bangs","+",1,1,1,,,
"attaches to","+",1,0,1,,,
"studies","+",0,0,1,,,
"lowers","+",1,1,1,,,
"paralyzes","+",1,1,1,,,
"lounges","-",-1,-1,0,,,
"robs","+",1,0,1,,,
"refuses","+",0,1,1,,,
"retires","+",1,1,1,,,
"stings","+",1,1,0,,,
"recedes","-",-1,-1,-1,,,
"opposes","+",1,1,0,,,
"voices","+",1,0,0,,,
"identifies","+",0,0,1,,,
"stoops","=",1,-1,0,,,
"cooperates","=",1,-1,0,,,
"resigns","=",0,-1,1,,,
"sports","=",1,0,-1,,,
"pelts","+",1,0,1,,,
"topples","+",1,1,1,,,
"films","+",1,1,1,,,
"selects","+",0,1,1,,,
"slays","+",1,1,1,,,
"hesitates","-",0,-1,-1,,,
"towers","-",-1,-1,-1,,,
"consoles","+",0,0,1,,,
"teases","+",0,1,1,,,
"scratches","+",1,-1,1,,,
"slinks","-",-1,0,-1,,,
"envelops","+",1,1,1,,,
"sheds","+",1,0,1,,,
"recites","+",0,1,0,,,
"defeats","+",1,1,1,,,
"detaches","+",1,1,1,,,
"believes","-",-1,0,0,,,
"reviews","+",1,0,1,,,
"quivers","+",1,0,0,,,
"gathers","+",1,1,1,,,
"drags","+",0,1,1,,,
"modifies","+",1,1,1,,,
"bites","+",1,1,1,,,
"breeds","+",1,1,1,,,
"hears","-",-1,-1,0,,,
"mirrors","=",0,-1,1,,,
"locks","+",1,1,1,,,
"slows","+",0,0,1,,,
"dedicates","+",1,0,0,,,
"hides","+",1,1,1,,,
"unloads","+",1,1,0,,,
"whirls","+",1,1,1,,,
"confuses","+",0,0,1,,,
"listens","+",1,0,0,,,
"scoots","+",1,1,1,,,
"etches","+",0,1,1,,,
"dooms","+",1,0,1,,,
"freezes","+",1,1,-1,,,
"embeds","+",1,1,0,,,
"appeals to","+",0,1,0,,,
"skates","+",1,1,-1,,,
"pins","+",1,1,1,,,
"speaks","+",1,0,0,,,
"strays","+",1,0,0,,,
"secures","+",1,1,0,,,
"snaps","+",0,0,1,,,
"explores","+",1,1,1,,,
"rears","+",0,0,1,,,
"crashes","+",1,0,1,,,
"strokes","+",1,1,1,,,
"informs","+",1,0,0,,,
"mocks","+",1,0,1,,,
"rights","+",0,1,1,,,
"dreads","-",0,0,-1,,,
"accelerates","+",1,1,1,,,
"thunders","+",1,0,0,,,
"invests","+",1,1,0,,,
"worsens","+",1,0,0,,,
"reaffirms","+",1,1,0,,,
"flips","+",1,0,0,,,
"argues","+",1,0,1,,,
"furnishes","+",1,1,0,,,
"affirms","+",1,1,1,,,
"shudders","-",0,0,-1,,,
"troubles","+",0,1,0,,,
"decreases","+",1,0,1,,,
"forms","+",1,0,1,,,
"broadcasts","+",1,1,0,,,
"offers","+",0,0,1,,,
"dwarfs","-",-1,-1,-1,,,
"constitutes","-",-1,1,-1,,,
"pays","=",1,0,-1,,,
"undermines","+",1,0,1,,,
"deafens","+",1,1,0,,,
"qualifies","-",-1,0,0,,,
"influences","+",0,1,1,,,
"views","-",-1,-1,-1,,,
"matches","+",1,0,0,,,
"records","=",1,0,-1,,,
"tails","+",0,0,1,,,
"dismisses","+",1,1,0,,,
"rattles","+",1,0,0,,,
"appraises","+",1,1,0,,,
"intrigues","-",-1,-1,0,,,
"fumes","+",1,0,0,,,
"corners","+",1,0,1,,,
"belts","+",1,1,1,,,
"invents","+",1,1,1,,,
"slumps","-",-1,0,-1,,,
"chuckles","+",1,1,0,,,
"bursts","+",1,1,0,,,
"suspends","+",1,1,1,,,
"dabs","+",1,1,0,,,
"materializes","-",-1,0,0,,,
"busts","+",0,1,1,,,
"fixes","+",1,1,1,,,
"challenges","+",1,0,0,,,
"fires","+",1,1,1,,,
"gaps","+",1,1,-1,,,
"hurries","+",0,1,0,,,
"revises","+",1,1,0,,,
"monitors","-",-1,0,0,,,
"reckons","+",0,1,0,,,
"emerges","+",1,0,1,,,
"sustains","+",0,1,1,,,
"belongs to","-",-1,0,-1,,,
"operates","+",1,1,1,,,
"cancels","+",0,1,1,,,
"condemns","+",0,1,0,,,
"squares","+",0,1,1,,,
"shows","+",1,0,0,,,
"hefts","+",1,1,0,,,
"bolts","+",0,1,1,,,
"sloshes","=",1,0,-1,,,
"spies","+",1,0,0,,,
"disintegrates","+",1,1,0,,,
"bumps","+",1,1,0,,,
"quits","+",1,0,1,,,
"inhales","=",1,0,-1,,,
"dispatches","+",1,1,1,,,
"forbids","+",1,1,1,,,
"envies","=",1,-1,0,,,
"sobers","+",1,0,0,,,
"tangles","+",1,1,0,,,
"thins","+",1,1,0,,,
"disguises","+",0,0,1,,,
"silhouettes","-",-1,0,-1,,,
"enhances","+",0,1,1,,,
"discharges","+",1,1,1,,,
"sneaks","+",1,0,0,,,
"fetches","+",0,0,1,,,
"sounds","+",1,0,0,,,
"rivets","+",1,0,1,,,
"affords","=",1,0,-1,,,
"peddles","+",1,1,1,,,
"surveys","+",1,1,1,,,
"stifles","+",1,1,1,,,
"exists","-",-1,-1,0,,,
"participates","+",1,1,0,,,
"dawns","-",-1,-1,0,,,
"returns","+",1,1,0,,,
"squashes","+",1,1,1,,,
"gives","+",1,0,1,,,
"slashes","+",1,1,1,,,
"eyes","=",0,0,0,,,
"labors","+",1,0,1,,,
"releases","+",1,1,0,,,
"appreciates","-",-1,0,0,,,
"surges","+",1,0,0,,,
"eliminates","+",1,1,1,,,
"massages","+",1,1,1,,,
"cops","+",1,0,1,,,
"herds","+",0,1,1,,,
"absorbs","+",1,0,0,,,
"circulates","+",1,1,0,,,
"bobs","=",1,0,-1,,,
"cracks","+",1,0,1,,,
"favors","+",0,1,0,,,
"lugs","+",1,1,1,,,
"accesses","=",0,-1,1,,,
"smirks","-",-1,-1,1,,,
"chugs","+",1,1,1,,,
"strolls","=",-1,1,0,,,
"browses","+",1,0,1,,,
"depresses","=",-1,1,0,,,
"buries","+",1,1,1,,,
"decapitates","+",1,1,1,,,
"occupies","+",1,0,0,,,
"clambers","+",1,0,0,,,
"bugs","+",0,1,0,,,
"fascinates","-",0,0,-1,,,
"tastes","+",0,0,1,,,
"prays to","-",-1,1,-1,,,
"sells","+",1,0,1,,,
"twinkles","=",0,0,0,,,
"confesses","+",1,0,0,,,
"converges","=",1,0,-1,,,
"intends","-",1,-1,-1,,,
"acquires","+",1,1,1,,,
"bets","+",1,1,-1,,,
"sprawls","=",-1,0,1,,,
"coils","+",1,1,1,,,
"suspects","+",0,0,1,,,
"falls","+",1,1,-1,,,
"contrasts","+",0,0,1,,,
"pages","+",0,0,1,,,
"probes","+",1,0,1,,,
"overtakes","+",1,1,1,,,
"fills","+",-1,1,1,,,
"trembles","-",0,-1,0,,,
"cuddles","=",1,0,-1,,,
"disperses","+",1,1,1,,,
"crosses out","+",1,0,1,,,
"murmurs","=",0,0,0,,,
"imagines","=",-1,1,0,,,
"hopes","=",0,0,0,,,
"spaces","+",1,1,0,,,
"slops","+",0,1,0,,,
"babbles","+",1,0,0,,,
"hustles","+",1,1,1,,,
"pivots","+",1,0,1,,,
"sinks","+",1,1,1,,,
"enriches","+",1,0,1,,,
"storms","+",0,1,1,,,
"collapses","+",1,1,1,,,
"tears","+",1,1,1,,,
"seduces","+",1,1,1,,,
"blinds","+",1,1,1,,,
"narrows","+",1,1,0,,,
"contracts","+",1,1,0,,,
"fends off","+",1,1,1,,,
"agrees on","+",0,1,0,,,
"navigates","+",1,0,1,,,
"designates","+",1,1,0,,,
"blends","+",1,1,1,,,
"floods","+",1,1,1,,,
"communicates","=",1,0,-1,,,
"slaughters","+",1,1,1,,,
"checks","=",1,0,-1,,,
"jokes","=",1,0,-1,,,
"bombs","+",1,1,1,,,
"worries","-",-1,0,-1,,,
"reels","-",1,-1,-1,,,
"reveals","+",1,1,0,,,
"encourages","+",0,1,0,,,
"arouses","+",1,1,1,,,
"declares","+",1,0,1,,,
"ignores","+",-1,1,1,,,
"collects","+",1,0,0,,,
"dives","+",0,0,1,,,
"violates","+",1,1,1,,,
"surfaces","+",1,-1,1,,,
"bewilders","=",1,0,-1,,,
"fails","-",-1,-1,0,-1,-1,-1
"gags","+",1,1,1,,,
"chatters","+",0,1,0,,,
"justifies","+",0,0,1,,,
"mops","+",1,1,1,,,
"invokes","+",1,0,0,1,1,0
"chews","+",1,1,1,,,
"enjoys","-",0,-1,0,,,
"rebuilds","+",1,1,1,,,
"smooths","+",-1,1,1,,,
"decks","+",1,1,1,,,
"spars","+",1,0,1,,,
"unlocks","+",1,1,0,,,
"farts","-",0,-1,0,,,
"grieves","-",0,0,-1,,,
"suppresses","+",1,1,0,,,
"analyzes","-",-1,1,-1,,,
"awards","+",0,1,0,,,
"multiplies","=",1,-1,0,,,
"hurts","+",1,1,1,,,
"moans","+",1,0,0,,,
"crucifies","+",1,1,1,,,
"dates","+",1,1,0,,,
"mans","+",0,1,1,,,
"wanders","-",-1,0,0,,,
"spits at","+",1,1,1,,,
"trades","+",1,0,0,,,
"blasts","+",1,1,1,,,
"converses","+",1,0,1,,,
"concentrates","=",1,0,-1,,,
"wheels","+",1,0,1,,,
"comes","+",1,0,0,,,
"stretches","+",1,0,1,,,
"mails","+",1,1,1,,,
"compels","+",1,1,1,,,
"sulks","-",-1,0,-1,,,
"grants","+",1,1,0,,,
"spans","-",-1,-1,-1,,,
"hunches","-",-1,-1,-1,,,
"cranks","+",1,1,1,,,
"considers","-",0,0,-1,,,
"panics","+",1,-1,1,,,
"combines","+",1,1,1,,,
"punishes","+",1,1,1,,,
"booms","+",0,1,0,,,
"cares","+",1,0,0,,,
"edits","+",1,1,1,,,
"blackmails","+",1,1,1,,,
"escalates","+",1,0,1,,,
"throttles","+",1,1,1,,,
"laces","+",1,1,0,,,
"wants","-",-1,0,0,,,
"juts","+",0,1,0,,,
"radiates","=",0,0,0,,,
"hits","+",1,1,1,,,
"wounds","+",1,1,1,,,
"spills","+",1,0,0,,,
"educates","+",1,1,0,,,
"rubs","+",1,0,0,,,
"implores","+",1,0,0,,,
"winks","=",0,1,-1,,,
"endures","-",0,0,-1,,,
"squeezes","+",1,1,1,,,
"shops","+",0,1,1,,,
"hunts","+",1,1,1,,,
"punches","+",1,1,1,,,
"twists","+",1,1,1,,,
"consults","+",0,0,1,,,
"impales","+",1,1,0,,,
"converts","+",1,1,1,,,
"baths","+",0,1,1,,,
"engages","+",1,0,1,,,
"thrills","+",1,0,0,,,
"bags","+",1,1,1,,,
"shuts","+",1,1,1,,,
"exhales","+",0,1,0,,,
"threatens","+",1,0,1,,,
"shifts","+",1,1,0,,,
"verifies","=",0,0,0,,,
"buys","+",1,1,1,,,
"hauls","+",1,1,1,,,
"musters","+",0,1,1,,,
"wires","+",1,0,1,,,
"assigns","+",1,1,1,,,
"devours","+",1,1,1,,,
"drives","+",1,1,-1,,,
"cheers","+",1,1,0,,,
"edges","+",1,0,0,,,
"investigates","+",1,1,1,,,
"plops","+",0,1,1,,,
"fishtails","=",0,1,-1,,,
"muffles","+",1,1,1,,,
"deflates","+",1,1,1,,,
"escorts","+",0,1,1,,,
"traps","+",1,1,1,,,
"charges","+",0,1,1,,,
"flies","+",1,0,1,,,
"convenes","+",1,0,0,,,
"costs","+",1,1,0,,,
"pummels","+",1,1,1,,,
"trains","+",0,1,1,1,1,1
"loosens","+",1,0,1,,,
"defers","=",1,-1,0,,,
"heaps","+",1,1,1,,,
"founds","+",1,1,0,,,
"alerts","+",1,0,1,,,
"strangles on","=",1,-1,0,,,
"sputters","+",0,0,1,,,
"captures","+",1,1,0,,,
"sights","+",1,0,0,,,
"surrenders","-",0,0,-1,,,
"shouts","+",1,1,1,,,
"wrecks","+",1,1,1,,,
"guides","+",0,1,1,,,
"refills","+",1,1,0,,,
"seems","-",-1,-1,0,,,
"poises","+",0,1,1,,,
"churns","+",1,1,1,,,
"lets","=",-1,1,0,,,
"quickens","+",1,0,1,,,
"kills","+",1,1,1,,,
"rules","+",1,1,1,,,
"docks","+",1,1,0,,,
"confines","+",0,1,1,,,
"gestures","=",1,0,-1,,,
"overlooks","-",-1,-1,1,,,
"schedules","+",1,0,0,,,
"stuns","+",0,0,1,,,
"pounds","+",1,1,1,,,
"reduces","+",1,0,1,,,
"conducts","+",1,0,0,,,
"serves","=",0,-1,1,,,
"dislodges","+",1,0,0,,,
"saunters","+",1,0,1,,,
"recalls","-",0,0,-1,,,
"slings","+",1,0,1,,,
"specifies","+",0,1,0,,,
"snatches","+",1,1,1,,,
"hacks","+",1,1,1,,,
"exposes","+",1,1,0,,,
"thinks","+",0,1,0,,,
"swaps","+",1,1,1,,,
"frees","+",1,1,1,,,
"cleanses","+",1,1,1,,,
"beckons","+",0,1,1,,,
"provides","+",1,1,1,,,
"belches","+",1,-1,1,,,
"drenches","+",1,1,1,,,
"terrifies","+",1,0,0,,,
"destroys","+",1,1,1,,,
"equips","+",1,1,0,,,
"retains","+",0,1,1,,,
"nails","+",1,0,1,,,
"strangles","+",1,1,1,,,
"credits","+",0,1,1,,,
"sniffs","=",-1,1,0,,,
"drums","+",1,1,-1,,,
"shushes","+",0,0,1,,,
"flinches","-",0,0,-1,,,
"refers","+",0,1,1,,,
"manufactures","+",1,1,1,,,
"collides","+",0,1,0,,,
"supervises","+",1,1,1,,,
"hampers","+",0,1,0,,,
"stations","+",1,1,1,,,
"paints","+",1,0,1,,,
"peruses","+",0,1,1,,,
"mixes","+",1,0,1,,,
"preoccupies","=",1,0,-1,,,
"subdues","+",1,1,1,,,
"obeys","-",-1,0,-1,,,
"baffles","+",1,0,1,,,
"unpacks","+",1,1,0,,,
"discusses","+",1,0,0,,,
"knits","+",1,1,0,,,
"barrels","+",1,1,1,,,
"cautions","=",1,0,-1,,,
"lands","+",0,0,1,,,
"protests","+",1,1,1,,,
"curses","=",0,1,-1,,,
"honks","+",1,1,-1,,,
"disrupts","+",1,1,1,,,
"accumulates","=",1,0,-1,,,
"wads","+",1,1,1,,,
"accounts","=",1,0,-1,,,
"imitates","=",1,-1,0,,,
"unnerves","+",0,0,1,,,
"shells","+",1,1,0,,,
"bristles","=",1,0,-1,,,
"betrays","+",1,1,1,,,
"taunts","+",1,0,1,,,
"rumbles","+",1,1,0,,,
"stars","+",1,-1,1,,,
"alleges","+",0,1,0,,,
"assumes","-",0,0,-1,,,
"pretends","+",1,0,1,,,
"chats","+",1,0,1,,,
"survives","-",0,0,-1,,,
"seethes","+",1,0,0,,,
"recommends","+",1,0,0,,,
"elects","+",1,1,0,,,
"mourns","+",1,0,0,,,
"drains","+",1,1,1,,,
"replies","-",-1,0,0,,,
"pitches","+",1,0,0,,,
"strikes","+",1,1,1,,,
"illuminates","+",1,0,0,,,
"plucks","+",1,1,1,,,
"shrugs","+",1,0,0,,,
"borders","-",-1,-1,-1,,,
"thumps","+",0,1,0,,,
"drills","+",1,1,1,,,
"rags","+",1,0,0,,,
"arranges","+",1,1,1,,,
"mobilizes","+",1,0,1,,,
"begs","+",1,0,0,,,
"trips","+",1,1,1,,,
"gouges","+",1,1,1,,,
"carves","+",1,1,1,,,
"protrudes","-",-1,-1,0,,,
"annoys","+",0,1,0,,,
"straightens","+",0,1,1,,,
"watches","=",0,0,0,,,
"trickles","-",0,-1,0,,,
"arises","+",1,0,0,,,
"walks","+",1,0,1,,,
"cringes","-",0,-1,-1,,,
"moves","+",1,1,1,,,
"spends","+",1,0,0,,,
"fiddles","=",1,0,-1,,,
"drafts","+",0,1,0,,,
"grapples with","+",1,1,1,,,
"hurtles","+",1,-1,1,,,
"stumbles","-",0,0,-1,,,
"administers","+",0,1,1,,,
"fools","+",1,0,1,,,
"decorates","+",1,1,0,,,
"wields","+",1,1,0,1,0,0
"includes","+",0,1,0,,,
"dies","-",-1,-1,-1,,,
"clenches","+",1,1,1,,,
"stocks","+",1,0,1,,,
"revolves around","=",0,0,0,,,
"calls","+",0,1,0,,,
"casts","+",0,1,0,,,
"tricks","+",1,1,0,,,
"wets","+",0,1,0,,,
"roams","-",1,-1,-1,,,
"resembles","-",-1,-1,-1,,,
"peeks","-",0,0,-1,,,
"transports","+",1,1,1,,,
"strings","+",0,1,0,,,
"insists on","+",1,0,1,,,
"swirls","+",1,1,1,,,
"ceases","-",-1,0,0,,,
"seals","+",1,1,1,,,
"upholds","+",1,1,1,,,
"crumples","+",1,1,1,,,
"talks","+",0,1,0,,,
"causes","+",1,1,1,,,
"preserves","+",1,0,0,,,
"fakes out","+",1,0,0,,,
"squats","+",0,1,0,,,
"erects","+",1,1,1,,,
"rants","+",1,0,1,,,
"subsides","-",-1,0,-1,,,
"pledges","+",0,1,1,,,
"puffs","+",1,0,0,,,
"grinds","+",1,1,0,,,
"wavers","=",1,0,-1,,,
"puzzles","-",-1,-1,-1,,,
"flails","=",1,0,-1,,,
"bubbles","+",-1,1,1,,,
"splits","+",1,1,1,,,
"switches","+",1,1,0,,,
"blares","=",1,0,-1,,,
"disposes","+",1,1,-1,,,
"hushes","+",1,0,1,,,
"unwraps","+",1,1,1,,,
"dodges","+",1,1,0,,,
"heaves","+",1,1,1,,,
"situates","+",1,1,1,,,
"grabs","+",1,1,1,,,
"swims","+",1,1,1,,,
"displays","=",1,0,-1,,,
"undulates","+",1,0,0,,,
"envisions","=",0,0,0,,,
"crests","=",0,1,-1,,,
"feigns","+",1,1,1,,,
"fixates on","-",0,0,-1,,,
"witnesses","-",0,0,-1,,,
"frightens","+",1,0,1,,,
"dwells","=",0,1,-1,,,
"recruits","+",0,1,0,,,
"tags","+",1,1,1,,,
"litters","+",1,0,1,,,
"quiets","+",1,1,1,,,
"answers","=",0,0,0,,,
"ranges","+",1,0,0,,,
"tracks","+",1,1,0,,,
"threads","+",1,0,1,,,
"rakes","+",1,1,0,,,
"shrieks","+",1,0,1,,,
"publishes","+",1,1,1,,,
"horrifies","=",-1,0,1,,,
"creeps","=",1,0,-1,,,
"allows","+",1,1,0,,,
"gleams","-",0,-1,0,,,
"bulges","-",1,-1,-1,,,
"rehearses","+",1,0,1,,,
"singles out","+",0,0,1,,,
"mentions","=",-1,1,0,,,
"skids","=",-1,1,0,,,
"corrects","+",1,1,0,,,
"votes","+",1,0,0,,,
"screens","=",0,1,-1,,,
"empties","+",1,1,1,,,
"pulls","+",1,1,0,,,
"darkens","=",1,0,-1,,,
"takes","+",1,1,1,,,
"contains","+",1,1,0,,,
"slants","-",1,-1,-1,,,
"tacks","+",1,1,0,,,
"widens","+",1,1,1,,,
"wobbles","-",0,-1,-1,,,
"wipes","+",1,1,1,,,
"glowers","=",-1,1,0,,,
"hisses","+",0,0,1,,,
"commences","+",1,1,-1,,,
"pads","+",1,1,1,,,
"toys with","+",1,0,1,,,
"marks","+",1,1,0,,,
"constructs","+",1,1,1,,,
"chucks","+",1,1,0,,,
"initiates","+",0,1,0,,,
"evolves","+",1,0,0,,,
"debates","+",1,1,1,,,
"wracks","+",1,1,0,,,
"sweeps","+",1,1,1,,,
"guards","+",1,-1,1,,,
"patrols","+",0,1,1,,,
"halts","+",1,1,0,,,
"wrestles","+",1,0,1,,,
"tows","+",0,1,1,,,
"wails","-",0,0,-1,,,
"purchases","+",1,1,1,,,
"pushes","+",1,1,1,,,
"prods","+",1,0,0,,,
"states","+",1,0,0,,,
"contradicts","+",1,1,0,,,
"protects","+",1,0,1,,,
"numbers","+",1,0,1,,,
"lacks","-",-1,-1,-1,,,
"rustles","+",-1,1,1,,,
"extinguishes","+",1,1,1,,,
"needs","-",-1,-1,-1,,,
"calms","+",1,0,1,,,
"unties","+",1,1,0,,,
"chops","+",1,1,1,,,
"acts","+",0,1,1,,,
"thumbs","=",1,0,-1,,,
"shrouds","+",-1,1,1,,,
"thaws","+",1,1,1,,,
"hugs","+",1,1,1,,,
"ratifies","+",1,1,0,,,
"explains","+",1,0,0,,,
"plans","+",1,0,1,,,
"charms","+",1,1,1,,,
"creaks","=",1,-1,0,,,
"sponsors","+",1,0,1,,,
"tries","+",0,1,1,,,
"waves","+",1,1,-1,,,
"restrains","+",1,1,1,,,
"infects","+",1,1,0,,,
"derives","+",1,0,0,,,
"douses","+",1,1,1,,,
"prefers","-",0,-1,-1,,,
"encases","+",1,1,1,,,
"eats","+",1,1,0,,,
"hypnotizes","+",0,1,0,,,
"seizes","+",1,1,1,,,
"telephones","+",1,1,1,,,
"banks","+",1,0,1,,,
"pans","+",1,1,-1,,,
"gauges","+",1,0,0,,,
"stains","+",0,0,1,,,
"dons","+",0,1,1,,,
"decays","-",-1,-1,-1,,,
"filters","+",1,0,0,,,
"signs","+",1,-1,1,,,
"ejects","+",1,0,1,,,
"roots","+",1,0,0,,,
"discloses","+",1,0,0,,,
"licks","+",1,1,1,,,
"freaks out","=",0,0,0,,,
"jostles","+",0,1,1,,,
"bows","+",1,0,1,,,
"averts","+",1,1,0,,,
"disagrees","+",1,0,0,,,
"crawls","+",1,0,1,,,
"pleads","+",0,0,1,,,
"abandons","+",0,1,1,,,
"gropes","+",0,1,1,,,
"tumbles","+",1,-1,1,,,
"bandages","+",1,1,1,,,
"nestles","+",0,1,1,,,
"walls","+",0,1,0,,,
"motivates","+",1,1,1,,,
"anticipates","+",0,0,1,,,
"lightens","+",1,0,1,,,
"results in","-",-1,0,0,,,
"subtitles","+",1,1,-1,,,
"hails","+",0,1,1,,,
"characterizes","=",1,0,-1,,,
"vetos","+",1,1,0,,,
"accommodates","+",1,0,0,,,
"courses","=",-1,0,1,,,
"reassures","+",1,0,0,,,
"sketches","+",1,1,1,,,
"weighs","=",-1,1,0,,,
"bends","+",1,1,1,,,
"posts","+",0,1,0,,,
"obtains","+",1,1,1,,,
"loops","+",1,1,0,,,
"exasperates","+",1,0,0,,,
"dominates","+",1,1,1,,,
"scoops","+",0,1,1,,,
"induces","+",1,1,0,,,
"trusts","-",0,0,-1,,,
"disbelieves","+",1,0,0,,,
"misses","-",1,-1,-1,,,
"occurs","-",-1,-1,-1,,,
"denounces","+",1,1,0,,,
"overturns","+",1,1,1,,,
"earns","+",0,1,1,,,
"utters","+",0,0,1,,,
"commits","+",1,1,0,,,
"houses","+",1,1,0,,,
"crouches","-",-1,0,-1,,,
"bows to","-",0,0,-1,1,-1,0
"rises","+",1,0,0,,,
"contorts","+",1,1,1,,,
"benefits","-",0,0,-1,,,
"reinforces","+",1,0,0,,,
"dribbles","+",1,0,0,,,
"omits","+",0,1,1,,,
"throws","+",1,1,1,,,
"knots","+",1,1,1,,,
"clutters","+",1,0,0,,,
"crunches","+",0,1,1,,,
"stabs","+",1,1,1,,,
"speeds up","+",1,1,1,,,
"jogs","+",1,1,1,,,
"slithers","+",0,1,1,,,
"gazes","=",0,0,0,,,
"neglects","=",-1,0,1,,,
"fees","=",0,1,-1,,,
"says","+",1,0,0,,,
"cups","+",0,1,1,,,
"rents","+",0,0,1,,,
"passes","+",1,0,1,,,
"heads","+",0,0,1,,,
"interviews","+",1,1,0,,,
"cradles","+",1,1,-1,,,
"clings to","+",0,1,1,,,
"hangs","+",1,1,1,,,
"bloodies","+",1,1,0,,,
"whoops","=",0,1,-1,,,
"flings","+",1,0,1,,,
"penetrates","+",1,1,1,,,
"finances","+",0,1,0,,,
"squirts","+",1,1,0,,,
"implements","+",1,1,0,,,
"drapes","+",1,1,1,,,
"convinces","+",1,1,1,,,
"values","-",0,0,-1,,,
"severs","+",1,1,1,,,
"stirs","+",1,1,1,,,
"relieves","+",1,-1,1,,,
"supposes","=",0,0,0,,,
"determines","+",0,1,1,,,
"aims","+",1,0,1,,,
"dogs","=",-1,1,0,,,
"defends","+",1,1,0,,,
"risks","=",0,0,0,,,
"dispenses","+",1,1,1,,,
"taxis","+",1,0,0,,,
"plugs in","+",1,1,1,,,
"remembers","=",0,0,0,,,
"ditches","+",1,0,1,,,
"fights","+",1,1,1,,,
"ages","-",-1,-1,-1,,,
"rewards","+",1,0,1,,,
"idles","-",-1,-1,-1,,,
"showers","+",1,1,1,,,
"trudges","+",0,1,0,,,
"confirms","+",1,1,0,,,
"squints","=",-1,0,1,,,
"orders","+",1,0,1,,,
"assails","+",1,0,1,,,
"interferes","+",1,1,1,,,
"commemorates","+",1,1,0,,,
"flares","+",1,0,0,,,
"lifts","+",1,1,0,,,
"relies","-",0,-1,0,,,
"mends","+",1,1,1,,,
"hires","+",1,1,1,,,
"approves","+",0,1,1,,,
"sets","+",1,1,1,,,
"bustles","+",1,0,1,,,
"experiences","-",-1,-1,-1,,,
"darts","+",1,1,0,,,
"wastes","=",0,1,-1,,,
"intervenes","+",1,0,1,,,
"understands","=",0,0,0,,,
"dissolves","+",1,1,1,,,
"lumbers","+",1,0,1,,,
"drifts","=",1,0,-1,,,
"fashions","+",0,1,0,,,
"stones","+",1,1,1,,,
"giggles","+",1,1,0,,,
"mimes","+",0,1,0,,,
"cruises","+",1,1,0,,,
"commissions","+",1,0,0,,,
"perches","+",1,0,0,,,
"registers","+",0,1,0,,,
"teeters","-",-1,1,-1,,,
"howls","+",1,0,1,,,
"scorches","+",1,1,1,,,
"chimes","-",1,-1,-1,,,
"wraps","+",1,1,1,,,
"awakens","+",1,0,1,,,
"deserts","+",1,1,1,,,
"points at","+",1,0,1,,,
"writes","+",1,1,1,,,
"grazes","+",0,1,1,,,
"explodes","+",1,1,1,,,
"distributes","+",1,1,1,,,
"gains","+",0,0,1,,,
"beams","+",0,1,0,,,
"chars","+",1,1,-1,,,
"feels","=",0,-1,1,,,
"boils","+",1,1,0,,,
"plasters","+",1,1,1,,,
"compiles","+",1,0,0,,,
"wheezes","=",1,0,-1,,,
"catches","+",0,1,1,,,
"spikes","+",1,1,1,,,
"adapts","+",1,0,1,,,
"repulses","-",0,-1,-1,,,
"nibbles","+",1,1,1,,,
"engraves","+",1,1,1,,,
"hobbles","+",1,0,1,,,
"coughs","=",0,-1,1,,,
"sacrifices","+",1,1,0,,,
"mistakes","=",0,0,0,,,
"doubles","+",1,1,1,,,
"weaves","+",1,1,1,,,
"crams","+",1,0,1,,,
"bars","+",0,1,1,,,
"retracts","+",0,1,1,,,
"declines","+",1,1,0,,,
"achieves","+",1,0,1,,,
"squeaks","=",1,0,-1,,,
"sips","+",1,1,1,,,
"disorients","+",1,1,0,,,
"repairs","+",1,1,1,,,
"learns","=",0,0,0,,,
"pictures","=",0,0,0,,,
"blurs","+",0,0,1,,,
"fans","+",1,1,1,,,
"splatters","+",0,1,0,,,
"survives on","+",-1,1,1,,,
"fidgets","=",1,0,-1,,,
"renews","+",1,1,1,,,
"screeches","+",1,0,0,,,
"confiscates","+",1,1,1,,,
"alters","+",1,1,1,,,
"intimidates","+",1,1,1,,,
"floats","-",0,-1,-1,,,
"depicts","+",0,0,1,,,
"blazes","=",0,0,0,,,
"riddles","+",1,0,0,,,
"memorizes","=",0,0,0,,,
"improves","+",1,1,1,,,
"tightens","+",1,1,1,,,
"observes","-",0,-1,0,,,
"finds","=",1,0,-1,,,
"batters","+",1,1,1,,,
"regulates","+",1,1,1,,,
"reasons","+",1,0,0,,,
"ravages","+",1,1,1,,,
"corresponds","-",0,0,-1,,,
"skips","-",-1,0,0,,,
"dances","+",0,1,1,,,
"likes","=",0,0,0,,,
"steels","+",0,1,1,,,
"ensures","+",1,1,0,,,
"cowers","-",0,-1,0,,,
"describes","+",1,1,0,,,
"slits","+",1,1,1,,,
"delights","+",1,0,0,,,
"slips","+",1,0,0,,,
"compromises","+",0,0,1,,,
"packs","+",1,0,1,,,
"dusts","+",1,1,1,,,
"silences","+",1,1,1,,,
"races","+",1,1,0,,,
"lives","=",1,0,-1,,,
"grills","+",0,0,1,,,
"plants","+",1,1,0,,,
"presses","+",1,1,1,,,
"replaces","+",0,1,0,,,
"misunderstands","-",0,0,-1,,,
"thrashes","+",1,1,1,,,
"budges","+",-1,1,1,,,
"animates","=",0,0,0,,,
"reopens","+",1,1,1,,,
"depends on","-",-1,-1,0,,,
"intercepts","+",1,1,1,,,
"evaluates","+",0,1,0,,,
"bruises","+",0,1,0,,,
"flees","+",1,1,0,,,
"whimpers","-",-1,-1,-1,,,
"vaults","+",1,1,1,,,
"lodges","=",0,0,0,,,
"sentences","+",-1,1,1,,,
"leans","+",1,0,0,,,
"ducks","+",1,1,0,,,
"reads","=",0,0,0,,,
"owes","-",-1,-1,0,,,
"wriggles","+",0,1,0,,,
"aches","-",-1,-1,-1,,,
"tenses","+",1,1,0,,,
"renounces","+",1,0,0,,,
"elevates","+",0,1,1,,,
"engrosses","+",1,0,1,,,
"strips","+",1,1,1,,,
"keys","+",1,1,1,,,
"fastens","+",1,1,1,,,
"flows","-",-1,0,0,,,
"dims","+",1,1,1,,,
"levels","+",1,1,1,,,
"uses","+",1,0,1,,,
"falters","-",0,-1,-1,,,
"stashes","+",1,0,1,,,
"deflects","+",1,1,0,,,
"starves","+",0,1,1,,,
"tugs","+",1,0,1,,,
"smothers","+",1,1,0,,,
"unrolls","+",1,1,1,,,
"flirts","+",1,0,1,,,
"bounces","+",0,1,1,,,
"picks","+",1,1,0,,,
"flags","+",1,0,1,,,
"pricks","+",1,0,1,,,
"grins","+",1,0,0,,,
"wedges","+",0,1,1,,,
"plagues","+",1,1,0,,,
"winces","-",-1,1,-1,,,
"exploits","+",1,1,1,,,
"overflows","-",0,0,-1,,,
"arrests","+",1,1,1,,,
"questions","+",0,0,1,,,
"struggles","=",0,1,-1,,,
"crackles","+",1,1,0,,,
"scrunches","+",0,1,1,,,
"cuffs","+",1,1,1,,,
"surprises","+",1,1,0,,,
"excites","+",1,0,0,,,
"signals","+",1,1,0,,,
"wags","+",1,1,0,,,
"guarantees","+",1,1,0,,,
"hates","-",-1,0,-1,,,
"clutches","+",1,1,0,,,
"complains","+",0,1,0,,,
"awakes","+",1,0,0,,,
"demands","+",1,0,0,,,
"defies","+",0,1,1,,,
"matters","-",-1,-1,-1,,,
"devastates","+",0,1,1,,,
"isolates","=",-1,0,1,,,
"projects","=",0,-1,1,,,
"jots","+",1,1,-1,,,
"follows","-",0,0,-1,,,
"glitters","-",-1,0,-1,,,
"translates","+",1,1,0,,,
"shapes","+",1,1,1,,,
"imposes","+",1,1,1,,,
"sifts","+",1,1,0,,,
"borrows","+",1,1,0,,,
"spins","+",1,1,1,,,
"droops","-",-1,-1,-1,,,
"concedes","+",1,0,0,,,
"endorses","+",1,0,0,,,
"brakes","+",1,0,1,,,
"pals","=",1,0,-1,,,
"scuttles","+",1,0,1,,,
"sighs","=",0,-1,1,,,
"erupts","+",1,1,0,,,
"obliges","=",0,1,-1,,,
"prosecutes","+",1,1,1,,,
"contacts","+",0,1,0,,,
"unhooks","+",1,1,-1,,,
"affects","+",1,0,0,,,
"simmers","+",0,1,1,,,
"scrawls","+",0,0,1,,,
"pronounces","+",1,0,0,,,
"tends","+",1,0,0,,,
"forgets","-",-1,0,-1,,,
"centers on","+",1,-1,1,,,
"magnifies","+",0,1,0,,,
"jumps","+",1,0,1,,,
"dictates","+",0,1,1,,,
"obscures","+",1,1,0,,,
"assists","+",1,1,1,,,
"assesses","+",0,1,0,,,
"lasts","+",1,0,0,,,
"flanks","+",0,1,1,,,
"stomps","+",1,0,1,,,
"chokes on","-",0,-1,0,,,
"piles","+",0,1,1,,,
"deserves","-",-1,-1,-1,,,
"mingles","+",1,0,1,,,
"slams","+",1,0,1,,,
"greets","=",0,1,-1,,,
"shins","=",1,0,-1,,,
"wonders","-",0,0,-1,,,
"bleeds","-",-1,-1,-1,,,
"exaggerates","+",0,0,1,,,
"rats on","+",1,0,1,,,
"harasses","+",1,1,0,,,
"frames","+",1,0,0,,,
"rolls","+",1,1,1,,,
"smells","-",-1,-1,1,,,
"inspects","+",0,0,1,,,
"careens","+",1,1,0,,,
"rows","+",1,1,-1,,,
"lives on","-",-1,0,0,,,
"bores","=",1,0,-1,,,
"handles","+",1,0,1,,,
"caresses","+",1,0,1,,,
"impresses","-",0,-1,0,,,
"rails against","+",1,0,1,,,
"besieges","+",1,1,1,,,
"opens","+",1,1,1,,,
"files","+",1,1,1,,,
"inches","=",0,-1,1,,,
"governs","+",1,1,0,,,
"dips","+",0,1,1,,,
"reiterates","=",1,0,-1,,,
"relaxes","-",-1,-1,-1,,,
"flickers","=",-1,1,0,,,
"fades","-",1,-1,-1,,,
"transmits","+",1,0,0,,,
"burrows","+",1,1,1,,,
"fries","+",1,1,1,,,
"clips","+",1,1,1,,,
"estimates","-",0,0,-1,,,
"hitches","+",1,1,1,,,
"strands","+",1,1,1,,,
"soars","+",0,1,1,,,
"associates","+",1,0,0,,,
"talks to","+",0,0,1,,,
"presides","+",1,0,1,,,
"fishes for","+",1,1,1,,,
"defines","+",0,1,1,,,
"emanates","+",0,1,0,,,
"disappoints","+",0,1,0,,,
"rains","+",0,1,1,,,
"swats","+",1,1,1,,,
"pecks","+",1,1,1,,,
"fears","-",0,-1,0,,,
"backs","+",0,1,0,,,
"scrutinizes","+",1,0,0,,,
"excuses","=",1,0,-1,,,
"scraps","+",1,1,1,,,
"sails","+",1,1,0,,,
"dashes","+",1,1,-1,,,
"smiles","+",0,1,1,,,
"generates","+",1,1,0,,,
"intensifies","+",0,1,1,,,
"visits","+",1,1,1,,,
"develops","+",1,0,1,,,
"prepares","+",1,1,1,0,1,0
"sides","=",1,0,-1,,,
"forgives","+",1,0,1,,,
"suffers","-",0,0,-1,,,
"implies","-",-1,0,0,,,
"blinks","=",1,-1,0,,,
"offers to","+",0,0,1,,,
"departs","+",0,1,0,,,
"heats","+",1,1,1,,,
"demonstrates","+",1,1,0,,,
"amuses","+",0,1,0,,,
"bleaches","+",1,1,1,,,
"humiliates","+",1,1,1,,,
"requires","=",0,1,-1,,,
"rescues","+",1,1,1,,,
"discards","+",1,1,0,,,
"illustrates","+",1,1,0,,,
"melts","+",1,1,1,,,
"hooks","+",0,0,1,,,
"results","=",1,-1,0,,,
"stops","+",1,1,1,,,
"winds","+",1,1,1,,,
"centers","+",1,1,0,,,
"issues","+",1,1,1,,,
"excludes","+",1,1,1,,,
"gyrates","+",1,0,0,,,
"testifies","+",1,0,0,,,
"focuses on","=",0,0,0,,,
"glows","-",-1,-1,0,,,
"helps","+",1,0,1,,,
"applies to","-",-1,-1,1,,,
"fences","+",0,1,1,,,
"overlaps","=",1,-1,0,,,
"manipulates","+",1,1,1,,,
"continues","+",0,0,1,,,
"wishes","-",-1,0,-1,,,
"chooses","+",0,1,0,,,
"huddles","+",1,0,0,,,
"ticks off","=",0,0,0,,,
"exits","+",1,1,1,,,
"positions","+",1,1,1,,,
"notes","=",0,0,0,,,
"underscores","+",1,1,-1,,,
"attempts","+",1,0,1,,,
"deals","+",1,1,1,,,
"comforts","+",1,0,0,,,
"encloses","=",-1,0,1,,,
"plows","+",1,1,1,,,
"folds","+",1,1,1,,,
"boots","+",0,1,1,,,
"compensates","+",1,0,1,,,
"concludes","+",1,0,1,,,
"honors","+",0,0,1,,,
"plays","+",1,1,1,,,
"sweats","-",0,-1,0,,,
"shivers","=",0,0,0,,,
"prompts","+",0,1,1,,,
"portrays","+",1,0,0,,,
"wiggles","+",1,0,1,,,
"worships","+",1,0,0,,,
"lolls","-",-1,1,-1,,,
"expresses","=",1,0,-1,,,
"drools","-",0,0,-1,,,
"focuses","+",1,1,0,,,
"desires","-",-1,-1,0,,,
"touches","+",1,1,1,,,
"objects","+",0,1,0,,,
"submerges","+",1,1,1,,,
"stalks","+",1,1,1,,,
"adjusts","+",1,1,0,,,
"shades","+",0,0,1,,,
"haunts","-",0,0,-1,,,
"suggests","+",1,0,0,,,
"oversees","+",1,0,0,,,
"merges","+",1,1,1,,,
"makes","+",1,0,0,,,
"involves","+",0,1,0,,,
"addresses","-",-1,-1,1,,,
"scales","+",1,0,1,,,
"apologizes to","+",1,1,0,,,
"offends","+",1,0,0,,,
"hyperventilates","=",0,-1,1,,,
"names","+",1,0,1,,,
"composes","+",1,1,1,,,
"boasts","+",1,1,0,0,0,1
"links","+",1,1,0,,,
"clatters","+",1,1,-1,,,
"remains","-",-1,-1,-1,,,
"pauses","-",-1,-1,-1,,,
"ices","+",1,1,1,,,
"congratulates","=",1,-1,0,,,
"reflects","-",1,-1,-1,,,
"becomes","+",0,0,1,,,
"salvages","+",1,1,1,,,
"reloads","+",1,1,1,,,
"whisks","+",1,1,1,,,
"detects","+",1,0,0,,,
"balls","+",1,0,1,,,
"fulfils","+",0,1,0,,,
"slaps","+",1,1,1,,,
"insists","+",0,0,1,,,
"measures","+",1,1,0,,,
"arches","+",1,0,0,,,
"splinters","+",1,1,1,,,
"stabilizes","+",1,1,1,,,
"swarms","+",1,0,1,,,
"drops","+",1,1,-1,,,
"rids","+",0,1,0,,,
"salutes","+",1,0,1,,,
"admires","=",0,0,0,,,
"ushers","=",0,-1,1,,,
"escapes","+",1,1,1,,,
"raps","+",-1,1,1,,,
"introduces","+",0,1,1,,,
"echos","=",1,0,-1,,,
"reserves","+",1,0,1,,,
"nears","+",1,0,0,,,
"employs","+",1,1,0,,,
"bones","+",1,1,1,,,
"paws","+",1,0,1,,,
"clogs","+",1,1,1,,,
"locates","+",0,1,0,,,
"holds","+",0,1,1,,,
"grimaces","-",-1,0,-1,,,
"varies","-",0,0,-1,,,
"unites","+",0,1,1,,,
"swivels","+",1,0,0,,,
"mumbles","+",1,0,0,,,
"conquers","+",1,1,1,,,
"tailors","+",1,1,1,,,
"blocks","+",1,1,1,,,
"pockets","=",1,-1,0,,,
"billows","+",1,1,-1,,,
"waters","+",1,1,0,,,
"masks","+",1,0,1,,,
"throbs","-",-1,0,-1,,,
"recognizes","-",0,0,-1,,,
"fits","+",1,0,0,,,
"ties","+",0,1,1,,,
"immerses","+",1,0,1,,,
"improvises","+",1,0,1,,,
"spatters","=",1,0,-1,,,
"regains","+",1,1,0,,,
"gulps","+",1,1,1,,,
"straps","+",1,1,1,,,
"lines","+",1,1,-1,,,
"prays","=",1,0,-1,,,
"advocates","+",0,1,0,,,
"marvels at","=",0,0,0,,,
"scrubs","+",1,1,1,,,
"volunteers","+",0,0,1,,,
"spreads","+",0,1,1,,,
"produces","+",1,1,1,,,
"contaminates","=",0,1,-1,,,
"tiptoes","+",1,0,0,,,
"waltzes","+",1,1,1,,,
"pulses","=",-1,0,1,,,
"directs","+",1,1,1,,,
"fires at","+",1,1,1,,,
"shreds","+",1,1,0,,,
"enacts","+",1,1,1,,,
"swigs","+",1,1,0,,,
"boosts","+",1,1,0,,,
"twirls","+",1,1,-1,,,
"ships","+",1,1,1,,,
"shuffles","+",1,0,1,,,
"revives","+",1,1,1,,,
"clusters","+",1,0,1,,,
"crowds","+",0,1,0,,,
"diverts","+",0,1,1,,,
"designs","+",1,0,1,,,
"chills","=",1,0,-1,,,
"surrounds","+",1,1,0,,,
"runs","+",1,0,1,,,
"tickles","+",1,1,0,,,
"hands","+",0,0,1,,,
"snoops","+",1,0,0,,,
"outlines","+",1,1,-1,,,
"stitches","+",1,1,0,,,
"accompanies","=",1,0,-1,,,
"divides","+",1,1,1,,,
"expels","+",1,1,1,,,
"rockets","+",1,1,0,,,
"sneezes","+",1,0,0,,,
"traces","+",0,1,1,,,
"aggravates","+",1,0,1,,,
"indulges","=",1,0,-1,,,
"books","+",1,0,1,,,
"steadies","+",1,0,1,,,
"blesses","+",0,1,0,,,
"racks up","+",0,1,1,,,
"respects","=",1,0,-1,,,
"sobs","-",0,0,-1,,,
"mediates","+",0,1,0,,,
"mats","=",1,0,-1,,,
"disgusts","-",-1,0,-1,,,
"announces","+",1,0,0,,,
"integrates","+",1,1,0,,,
"frowns","+",0,1,0,,,
"grits","+",1,1,0,,,
"supports","+",0,0,1,,,
"pours","+",1,1,0,,,
"yawns","=",1,-1,0,,,
"reacts","+",0,1,0,,,
"maintains","+",1,1,0,,,
"approaches","+",1,1,1,,,
"intrudes","+",1,1,1,,,
"retrieves","+",1,1,1,,,
"latches","=",0,-1,1,,,
"scars","+",1,1,1,,,
"times","+",1,0,0,,,
"mesmerizes","=",0,1,-1,,,
"cures","+",1,1,1,,,
"dismantles","+",1,1,1,,,
"resumes","=",1,0,-1,,,
"repeats","+",1,0,0,,,
"deprives","+",1,1,0,,,
"succeeds","+",1,0,0,,,
"comprehends","+",1,0,0,,,
"yells","+",1,1,0,,,
"reaches","+",0,1,0,,,
"blows","+",0,1,1,,,
"steams","+",1,1,1,,,
"braces","+",1,1,0,,,
"paves","+",0,1,1,,,
"laps","+",-1,1,1,,,
"behaves","=",-1,0,1,,,
"adjoins","+",0,1,0,,,
"ripples","+",1,0,0,,,
"retreats","=",-1,1,0,,,
"rigs","+",1,1,0,,,
"chases","+",1,0,1,,,
"adopts","+",1,1,0,,,
"interests","-",-1,-1,0,,,
"terminates","+",1,1,1,,,
"lists","+",0,1,0,,,
"detains","+",1,1,1,,,
"slides","=",0,0,0,,,
"regards","-",-1,0,0,,,
"applauds","+",0,1,0,,,
"completes","+",1,0,0,,,
"noses","+",-1,1,1,,,
"punctures","+",1,0,1,,,
"distinguishes","+",1,0,0,,,
"abolishes","+",1,1,1,,,
"bashes","+",1,1,1,,,
"loves","+",0,0,1,,,
"tortures","+",1,1,1,,,
"flashes","=",0,-1,1,,,
"spurs","+",1,1,0,,,
"faints","-",-1,-1,-1,,,
"fusses over","+",1,0,1,,,
"shrinks","+",1,1,1,,,
"wakes","+",1,1,0,,,
"poisons","+",1,1,1,,,
"curves","-",-1,1,-1,,,
"enforces","+",0,1,1,,,
"ponders","-",0,-1,-1,,,
"sings","+",1,0,1,1,1,1
"demolishes","+",1,1,1,,,
"lops","+",0,1,1,,,
"cranes","+",0,0,1,,,
"mills","+",0,0,1,,,
"parks","+",1,1,1,,,
"provokes","+",1,1,0,,,
"rearranges","+",0,1,1,,,
"concerns","=",-1,1,0,,,
"pursues","+",0,0,1,,,
"realizes","-",0,0,-1,,,
"lectures","+",0,1,1,1,1,1
"fuels","=",1,0,-1,,,
"asserts","+",1,0,0,,,
"repays","+",1,1,-1,,,
"scrambles","+",1,1,0,,,
"ignites","+",1,1,1,,,
"propels","+",1,1,1,,,
"pleases","-",0,0,-1,,,
"superimposes","+",1,1,1,,,
"backhands","+",1,1,1,,,
"agrees","=",1,0,-1,,,
"taps","=",1,0,-1,,,
"mugs","+",1,0,1,,,
"hops","+",1,0,0,,,
"endangers","=",1,0,-1,,,
"combs","+",1,1,1,,,
"fumbles","=",0,0,0,,,
"controls","+",1,1,1,,,
"softens","+",1,1,1,,,
"buttons","=",-1,1,0,,,
"bases","+",1,1,-1,,,
"surfs","+",1,1,1,,,
"digests","+",1,0,0,,,
"rends","+",0,1,1,,,
"photographs","+",1,0,1,,,
"gnaws","+",1,-1,1,,,
"skims","+",0,0,1,,,
"means","-",0,0,-1,,,
"flattens","+",1,1,1,,,
"yelps","+",0,1,0,,,
"sues","+",1,1,1,,,
"joins","+",1,0,0,,,
"exchanges","+",1,0,0,,,
"chips","+",1,1,0,,,
"sorts","+",1,1,1,,,
"processes","+",1,0,0,,,
"coaxes","+",1,1,1,,,
"embroiders","+",1,1,1,,,
"dishevels","+",0,0,1,,,
"shields","+",1,1,1,,,
"tunes","+",0,1,1,,,
"mutes","+",1,1,1,,,
"marries","+",1,1,0,,,
"looks","=",0,0,0,,,
"buzzes","+",1,0,0,,,
"accuses","+",1,1,1,,,
"heightens","+",1,0,1,,,
"cuts","+",1,1,1,,,
"bears","+",1,0,1,,,
"awaits","-",-1,0,-1,,,
"closes","+",1,1,1,,,
"puts","=",-1,1,0,,,
"frustrates","+",0,1,0,,,
"exerts","+",1,1,0,,,
"flicks","+",1,1,1,,,
"pants","=",-1,1,0,,,
"ends","+",1,1,1,,,
"rinses","+",1,1,1,,,
"scrolls","=",1,0,-1,,,
"spares","+",1,1,1,,,
"abuses","+",1,1,1,,,
"strides","+",1,1,1,,,
"nudges","+",1,0,1,,,
"rejoins","+",0,0,1,,,
"reappears","+",1,0,0,,,
"unbuckles","+",1,1,1,,,
"commands","+",1,1,1,,,
"limits","+",1,1,1,,,
"minds","=",0,0,0,,,
"rams","+",1,1,1,,,
"strains","+",1,1,1,,,
"figures","+",1,0,0,,,
"purrs","=",0,1,-1,,,
"attributes","-",1,-1,-1,,,
"invites","=",-1,0,1,,,
"grounds","+",1,0,1,,,
"withdraws","+",1,0,0,,,
"torments","+",1,1,1,,,
"pounces","+",1,1,1,,,
"curls","+",1,1,1,,,
"ricochets","+",1,0,0,,,
"coordinates","+",1,1,0,,,
"confronts","+",1,0,1,,,
"conceals","+",0,1,1,,,
"wills","+",0,0,1,,,
"copies","+",1,0,0,,,
"responds","+",1,0,0,0,1,0
"outlaws","+",1,1,1,,,
"pulsates","=",1,-1,0,,,
"sidesteps","+",1,1,1,,,
"attends","=",1,0,-1,,,
"sidles up to","+",0,0,1,,,
"erases","+",1,0,1,,,
"bellows","+",0,0,1,,,
"wrings","+",1,1,-1,,,
"negotiates","+",1,0,0,,,
"juggles","+",1,1,1,,,
"shoulders","+",0,0,1,,,
"senses","-",0,-1,0,,,
"finishes","+",1,1,1,,,
"interrupts","+",1,1,0,,,
"perplexes","-",0,0,-1,,,
"confers","+",1,1,0,,,
"angles","=",-1,1,0,,,
"kicks","+",1,1,1,,,
"undergos","-",-1,0,0,,,
"encircles","+",1,1,1,,,
"disapproves of","=",0,0,0,,,
"adores","=",-1,1,0,,,
"promotes","+",1,0,1,,,
"readies","+",1,1,0,,,
"owns","=",0,0,0,,,
"disarms","+",1,1,1,,,
"inherits","-",-1,-1,-1,,,
"examines","=",0,0,0,,,
"streams","+",0,0,1,,,
"inflicts","+",1,1,0,,,
"nods to","+",1,0,1,,,
"drips","+",1,0,0,,,
"rips","+",1,1,1,,,
"agonizes","-",0,-1,0,,,
"claps","+",0,1,1,,,
"bucks","+",1,1,1,,,
"sits","-",-1,-1,-1,,,
"glistens","-",-1,-1,-1,,,
"weathers","+",1,0,1,,,
"chants","+",1,0,0,,,
"parts","+",1,1,1,,,
"glares","+",1,0,1,,,
"brandishes","+",0,1,0,,,
"gets","+",0,0,1,,,
"whirs","+",1,1,1,,,
"discourages","+",1,0,0,,,
"elbows","+",1,1,1,,,
"dents","+",1,1,1,,,
"speaks to","+",0,1,0,1,0,0
"injures","+",1,1,1,,,
"conceives","+",0,1,0,,,
"steals","+",1,0,1,,,
"obstructs","+",0,1,1,,,
"undertakes","+",1,0,1,,,
"realises","=",0,0,0,,,
"disappears","+",1,1,-1,,,
"amends","+",1,1,1,,,
"drowns","+",1,1,1,,,
"advertises","=",0,1,-1,,,
"stores","+",0,1,0,,,
"cloaks","=",1,0,-1,,,
"cries","=",0,0,0,,,
"clocks","-",0,-1,0,,,
"predicts","=",1,-1,0,,,
"seats","+",1,0,1,,,
"rambles","+",0,0,1,,,
"spells","=",1,0,-1,,,
"raves","+",1,0,0,,,
"lures","+",1,1,1,,,
"deposits","+",0,1,0,,,
"extends","+",1,1,1,,,
"spirals","+",1,0,0,,,
"jars","+",0,1,0,,,
"tests","+",0,1,1,,,
"complies","+",1,0,1,,,
"reacts to","+",1,0,0,,,
"whispers","+",1,0,1,,,
"increases","+",0,1,0,,,
"resolves","+",-1,1,1,,,
"crushes","+",1,1,1,,,
"devises","+",1,1,1,,,
"sizes","=",0,0,0,,,
"rots","-",-1,-1,-1,,,
"pries","=",0,-1,1,,,
"loses","=",-1,1,0,,,
"displaces","+",0,0,1,,,
"works","+",1,1,0,,,
"lends","=",-1,1,0,,,
"roasts","+",1,1,1,,,
"whines","=",1,-1,0,,,
"scatters","+",1,1,0,,,
"leers","-",1,-1,-1,,,
"stuffs","+",1,1,1,,,
"beeps","+",1,0,0,,,
"scurries","+",1,0,1,,,
"scares","+",0,1,0,,,
"revs","+",1,1,1,,,
"happens","-",-1,-1,-1,,,
"moves on","+",0,1,1,,,
"solicits","+",1,1,0,,,
"heals","+",1,1,1,,,
"injects","+",1,1,1,,,
"chains","+",1,1,1,,,
"brims","+",1,0,0,,,
"chokes","+",1,1,1,,,
"hurls","+",1,1,1,,,
"zips","+",1,0,1,,,
"startles","+",1,0,0,,,
"stows","+",1,0,1,,,
"whacks","+",1,1,1,,,
"sways","+",0,1,0,,,
"boards","+",1,0,0,,,
"crumbles","-",-1,0,0,,,
"eases","+",0,1,1,,,
"persuades","+",1,1,1,,,
"cleans","+",1,1,1,,,
"carries","+",1,1,1,,,
"whistles","+",1,1,0,,,
"stakes","+",0,0,1,,,
"cultivates","+",1,1,1,,,
"letters","+",1,0,1,,,
"warrants","=",1,-1,0,,,
"submits","+",1,1,1,1,1,1
"zooms","+",1,0,0,,,
"withholds","+",1,1,1,,,
"soaks","+",1,1,0,,,
"polishes","+",1,1,1,,,
"treads","+",1,0,1,,,
"obliterates","+",1,1,1,,,
"permits","+",1,1,1,,,
"weeps","-",0,-1,0,,,
"spots","-",-1,-1,0,,,
"rushes","+",1,1,0,,,
"restricts","+",0,1,1,,,
"appals","=",1,0,-1,,,
"resists","+",1,1,0,,,
"notices","=",0,-1,1,,,
"insures","+",1,0,0,,,
"reminds","+",1,0,0,,,
"disengages","+",1,0,0,,,
"writhes","=",0,0,0,,,
"courts","=",0,0,0,,,
"delivers","+",1,1,-1,,,
"squirms","=",1,-1,0,,,
"places","+",1,1,0,,,
"relents","+",0,0,1,,,
"tosses","+",1,1,1,,,
"strengthens","+",1,0,1,,,
"trips on","-",-1,-1,-1,,,
"intersects","=",0,-1,1,,,
"nurses","+",1,1,1,,,
"recounts","=",0,0,0,,,
"kisses","+",0,1,1,,,
"upsets","+",1,0,0,,,
"enlists","+",0,1,1,,,
"beats","+",1,1,1,,,
"proceeds","+",1,0,0,,,
"functions","+",0,1,1,,,
"scowls","+",1,0,0,,,
"dismounts","+",1,1,1,,,
"cashes","+",1,1,1,,,
"smears","+",0,1,0,,,
"roars","+",1,0,1,,,
"compares","=",1,0,-1,,,
"immobilizes","+",1,1,0,,,
"overwhelms","+",0,1,1,,,
"clicks","+",1,0,0,,,
"dresses","+",1,1,1,,,
"convicts","+",1,1,1,,,
"conveys","+",0,1,0,,,
"obsesses over","=",0,0,0,,,
"insults","+",1,1,0,,,
"toasts","+",1,1,0,,,
"acquits","+",1,1,1,,,
"searches","+",1,1,0,,,
"ranks","+",1,1,0,,,
"chalks","+",1,0,0,,,
"bakes","+",1,1,0,,,
"hikes","=",1,0,-1,,,
"trims","+",1,1,1,,,
"expands","+",1,0,0,,,
